31/08/18,weezystuff.webcam
31/08/18,boozyblessing.faith
31/08/18,authorityfortune.club
31/08/18,shoxbtechstuff.webcam
31/08/18,offerjustwannahavefun.cricket
31/08/18,withsomuchloyalty.accountant
31/08/18,thethingsyoulikehere.accountant
31/08/18,allthethingsyoulike.faith
31/08/18,luckisontheway.bid
31/08/18,conquerthingsyoudo.loan
31/08/18,wonderfulluckemotion.cricket
31/08/18,imitableoffer.racing
31/08/18,throughbeautybelike.cricket
31/08/18,underalargestuff.faith
31/08/18,luckisgoingtorule.loan
31/08/18,therearemanyofferhere.webcam
31/08/18,theoffercatapulted.accountant
31/08/18,dontfighttogetthis.accountant
31/08/18,amealstormofluck.loan
31/08/18,therewillbeenoughforthis.cricket
31/08/18,shoxbtheluck.men
31/08/18,shoxbthestuff.racing
31/08/18,ohlookatthem.loan
31/08/18,shoxboffer.accountant
31/08/18,worxblessing.men
31/08/18,shoxbhappiness.stream
31/08/18,shoxblucky.bid
31/08/18,richinoffer.accountant
31/08/18,shoxbblessing.faith
31/08/18,trythisoffer.racing
31/08/18,thingsarewarminmyhands.bid
31/08/18,rakkstechstuff.webcam
31/08/18,rakkstheluck.men
31/08/18,rakksstuff.loan
30/08/18,privetoyourluck.cricket
30/08/18,rakksblessing.faith
30/08/18,privetothestuff.racing
30/08/18,overoveroffer.racing
30/08/18,offerintertwine.accountant
30/08/18,rakksthestuff.racing
30/08/18,replacewithoffer.bid
30/08/18,offerindulgence.racing
30/08/18,incomplexluck.racing
30/08/18,offerindividualize.racing
30/08/18,offerinclusion.bid
30/08/18,offerimpeccant.racing
30/08/18,offerilluminated.racing
30/08/18,offerimmense.racing
30/08/18,offeridentified.bid
30/08/18,offerfavored.racing
29/08/18,greetthebrightjoy.loan
29/08/18,luckindex.racing
29/08/18,luckindependence.racing
29/08/18,luckinclusive.bid
29/08/18,luckfavour.racing
29/08/18,luckequality.racing
29/08/18,inebriateluck.racing
29/08/18,whenyouwerelucky.bid
29/08/18,realizingtruehappiness.faith
29/08/18,indwellingluck.racing
29/08/18,indubitableluck.racing
29/08/18,happinesscomeshere.webcam
29/08/18,guaranteeyoutgetthis.bid
29/08/18,indivisibleoffer.racing
29/08/18,individualluck.racing
29/08/18,indisputableoffer.racing
29/08/18,indispensableoffer.bid
29/08/18,indestructibleluck.racing
28/08/18,independentluck.racing
28/08/18,indefatigableluck.bid
28/08/18,indeedanluckforyou.bid
28/08/18,indebtedluck.racing
28/08/18,indomitableluck.bid
27/08/18,itflowsouttoyou.cricket
27/08/18,inculpableluck.racing
27/08/18,incredibleoffer.stream
27/08/18,increaseyouroffer.stream
26/08/18,incorporateluck.racing
25/08/18,incomparableoffer.bid
25/08/18,incisiveluck.racing
25/08/18,improviseoffer.stream
25/08/18,impressiveluck.racing
25/08/18,incitingoffer.stream
24/08/18,toolazytohavethis.webcam
24/08/18,impressedbyyouroffer.racing
24/08/18,importaoffer.stream
24/08/18,yourluckywiththisoffer.bid
24/08/18,teamlucky.racing
24/08/18,theunparalleledthings.cricket
24/08/18,therapeuticoffer.racing
24/08/18,thedayyoullgethis.faith
24/08/18,themosttrendingstuff.cricket
24/08/18,reassuredyourluckhere.cricket
24/08/18,youjustwannahavefun.faith
24/08/18,whereitcamefrom.stream
24/08/18,thiswholethingisyour.loan
24/08/18,unnameablethings.faith
24/08/18,theluckneverrunout.faith
24/08/18,spendyourluckhere.faith
24/08/18,importantluck.racing
23/08/18,includedanluck.racing
23/08/18,gnashstuff.men
21/08/18,immunetooffer.bid
20/08/18,immediateluck.racing
19/08/18,extractiontogethis.loan
19/08/18,immeasurableoffer.racing
18/08/18,goodthingscomeshere.bid
18/08/18,imagineyouroffer.racing
18/08/18,faultlessluck.racing
18/08/18,illuminationofluck.bid
18/08/18,idolizeanluck.racing
17/08/18,idealisticallyanoffer.bid
16/08/18,fucundluck.racing
16/08/18,newfreshoffercoming.loan
15/08/18,involvingsomeoffer.stream
15/08/18,experiencetillyoullgetthis.bid
13/08/18,festalluck.racing
13/08/18,fervidoffer.racing
13/08/18,anofferidealy.racing
12/08/18,ferverntluck.racing
11/08/18,luckyiminlovewiththis.faith
10/08/18,bestofluckforyou.webcam
08/08/18,fellowluck.racing
08/08/18,felicitatethisluck.racing
08/08/18,feistyoffer.accountant
08/08/18,feiryluck.accountant
07/08/18,allthethingsyoudo.accountant
07/08/18,feelingoffertoday.bid
06/08/18,illuminatingtogetthis.bid
06/08/18,lackofluck.racing
06/08/18,feelgoodwiththisluck.racing
06/08/18,featureluck.racing
05/08/18,featthisluck.bid
05/08/18,feasibleluck.racing
04/08/18,fearlessthisluck.bid
04/08/18,favluck.accountant
04/08/18,fastluck.racing
03/08/18,fastgrowingoffer.bid
03/08/18,fastestluckever.bid
03/08/18,equalluck.racing
03/08/18,epicofoffer.racing
03/08/18,entrustedoffer.stream
03/08/18,enthusethisluck.racing
03/08/18,enrichedwithoffer.racing
03/08/18,enlistthisluck.racing
02/08/18,enlightenbythisluck.accountant
02/08/18,enjoyyouroffer.stream
02/08/18,enhanceyouroffer.racing
02/08/18,energizeoffer.racing
02/08/18,endureyouroffer.stream
02/08/18,endlessoffer.stream
02/08/18,endearluck.racing
01/08/18,encoreluck.stream
01/08/18,lucrativeoffer.bid
01/08/18,enchantluck.racing
01/08/18,enchantedoffer.racing
31/07/18,enagewithoffer.racing
31/07/18,embraceyouroffer.stream
31/07/18,embodiedluck.stream
29/07/18,eliteluck.racing
29/07/18,eligibleluck.racing
29/07/18,elevateyouroffer.racing
29/07/18,elegantluck.racing
29/07/18,acquitsuchexcellence.stream
29/07/18,edorsingoffer.racing
29/07/18,comeovertogethis.loan
29/07/18,everyjoyyoumakehere.stream
28/07/18,claspmeclosetogetthis.faith
28/07/18,iwontlookbackatthis.webcam
28/07/18,iknewitallalong.bid
28/07/18,privetotheluck.men
28/07/18,comfortingoffer.racing
28/07/18,couldbethattheluck.bid
28/07/18,forthlovewegiveyou.cricket
28/07/18,elusiveliketheoffer.bid
28/07/18,privetotechstuff.webcam
27/07/18,privetostuff.loan
27/07/18,privetooffer.accountant
26/07/18,privetolucky.bid
26/07/18,privetohappiness.stream
25/07/18,privetoblessing.faith
25/07/18,offertoalegend.racing
24/07/18,offeronanest.racing
24/07/18,offerlegator.racing
24/07/18,offerinlavender.racing
24/07/18,lucklivity.racing
24/07/18,luckliveliness.racing
23/07/18,luckkibun.racing
23/07/18,longlastingluck.racing
23/07/18,longingforyouroffer.racing
23/07/18,liveinwithyouroffer.racing
23/07/18,longestablishedluck.racing
23/07/18,litheluck.racing
23/07/18,likelyanluck.racing
23/07/18,likableluck.racing
23/07/18,liberalluck.racing
23/07/18,legitoffer.racing
23/07/18,legateeluck.racing
23/07/18,leanonyouroffer.racing
23/07/18,leadtoanluck.racing
23/07/18,leadingtoyouroffer.racing
23/07/18,lavishwithyouroffer.bid
22/07/18,largecapacityluck.racing
22/07/18,laudableluck.racing
22/07/18,ladidahluck.racing
22/07/18,kudostothisluck.racing
22/07/18,kooykyluck.racing
22/07/18,kudosonyouroffer.racing
22/07/18,knowingyouroffer.bid
22/07/18,knowinglyyouroffer.bid
22/07/18,knowhowtouseyouroffer.bid
22/07/18,knowableluck.racing
22/07/18,knightofshiningluck.racing
22/07/18,knockluckoff.bid
22/07/18,kingsizedluck.racing
22/07/18,kingotthoffer.racing
22/07/18,kineticluck.racing
21/07/18,kindredluck.stream
21/07/18,keytoyouroffer.racing
21/07/18,keepupthegoodoffer.racing
21/07/18,inetyourluck.cricket
21/07/18,inetthestuff.racing
20/07/18,inettheluck.men
20/07/18,inettechstuff.webcam
20/07/18,inetstuff.loan
20/07/18,inetoffer.accountant
19/07/18,inethappiness.stream
19/07/18,boozythestuff.racing
19/07/18,figureofluck.racing
19/07/18,boozytheluck.men
19/07/18,boozystuff.loan
19/07/18,boozylucky.bid
19/07/18,boozyhappiness.stream
19/07/18,whatofferallowsyou.bid
19/07/18,whatallowsyoutoget.loan
19/07/18,tangyoffer.bid
19/07/18,tangibleluck.racing
19/07/18,tallyhoofoffer.bid
19/07/18,takeyourofferhere.bid
19/07/18,synergisticluck.racing
19/07/18,swellthisluck.racing
19/07/18,symphonyofoffer.bid
19/07/18,synchronicityofoffer.bid
19/07/18,symmetricalluck.racing
19/07/18,sweetenluck.bid
19/07/18,sweepingoffer.bid
19/07/18,swaywithoffer.bid
19/07/18,swankyluck.racing
18/07/18,trendyoffer.accountant
18/07/18,restedoffer.racing
18/07/18,swankofoffer.bid
18/07/18,swainluck.bid
18/07/18,spaceforoffer.bid
18/07/18,sageofoffer.racing
18/07/18,sagacityluck.racing
18/07/18,sagaciousluck.racing
18/07/18,sacrosanctluck.racing
18/07/18,rulerofoffer.racing
18/07/18,royalluck.racing
18/07/18,rouseoffer.racing
18/07/18,roundedluck.stream
18/07/18,rosilyluck.racing
18/07/18,roomierluck.racing
18/07/18,rollickluck.bid
18/07/18,robustyouroffer.racing
18/07/18,rogerluck.accountant
18/07/18,righthandluck.racing
18/07/18,righteousoffer.bid
18/07/18,richerluck.racing
18/07/18,rhapsodicluck.racing
17/07/18,rewardyourthisluck.racing
17/07/18,revivalluck.racing
17/07/18,revitalizeoffer.racing
17/07/18,reverentoffer.racing
17/07/18,revelayouroffer.racing
17/07/18,resultofyouroffer.bid
17/07/18,restoredluck.racing
17/07/18,restorativeluck.racing
17/07/18,resteasyluck.racing
17/07/18,resposibleoffer.racing
17/07/18,resplendentluck.racing
16/07/18,respectyouroffer.racing
16/07/18,respiteyouroffer.bid
16/07/18,resourceluck.racing
16/07/18,resoundluck.racing
16/07/18,resolvedoffer.bid
16/07/18,resoluteluck.racing
16/07/18,surpassyouroffer.bid
16/07/18,reputableoffer.bid
16/07/18,reponsiveluck.racing
16/07/18,offerrestoration.racing
15/07/18,swagofoffer.bid
15/07/18,svelteluck.racing
15/07/18,sustainingoffer.bid
15/07/18,surrealluck.racing
15/07/18,uncoveroffer.racing
15/07/18,surmountluck.racing
15/07/18,surelyanoffer.bid
15/07/18,surehandedluck.racing
15/07/18,surefireoffer.bid
15/07/18,supersonicoffer.bid
14/07/18,superoffer.bid
14/07/18,supernalluck.bid
14/07/18,superminentluck.bid
14/07/18,superlativeluck.racing
14/07/18,superexcellentoffer.racing
14/07/18,superethicaloffer.bid
14/07/18,superduperluck.bid
14/07/18,superboffer.bid
14/07/18,superabundantluck.racing
14/07/18,offersystem.bid
14/07/18,stoneofoffer.bid
13/07/18,offerswiftness.racing
13/07/18,offersustainable.bid
13/07/18,offersumptuous.bid
13/07/18,offersummary.bid
13/07/18,lucksupport.bid
13/07/18,convertyouroffer.racing
13/07/18,undisputedluck.bid
13/07/18,undertakeyourluck.bid
13/07/18,undeniableluck.bid
13/07/18,undefiledoffer.bid
12/07/18,undauntableoffer.racing
12/07/18,unconvetionalluck.bid
12/07/18,uncontestableoffer.racing
12/07/18,uncommonoffer.racing
12/07/18,unburdenluck.stream
12/07/18,unbreakableoffer.racing
12/07/18,unblemishedluck.bid
12/07/18,unbiasedoffer.racing
12/07/18,unbeatenluck.bid
12/07/18,unbenumboffer.racing
12/07/18,unbeatableoffer.racing
12/07/18,unalloyedoffer.racing
12/07/18,unattachedluck.bid
12/07/18,unassailableoffer.racing
12/07/18,unanimousluck.bid
12/07/18,unarguableoffer.racing
12/07/18,tubularoffer.racing
12/07/18,unaffectedluck.bid
11/07/18,unabashedoffer.racing
11/07/18,tympanicoffer.racing
11/07/18,turgentoffer.racing
11/07/18,tuneintothisoffer.racing
11/07/18,trustedluck.racing
11/07/18,truimpoffer.racing
11/07/18,trophyofluck.bid
11/07/18,trueonluck.racing
11/07/18,triviallyoffer.bid
11/07/18,transformyourluck.bid
11/07/18,tretisoffer.racing
11/07/18,trimyourluck.racing
11/07/18,transientluck.bid
11/07/18,teemoffe.racing
11/07/18,trainyourluck.bid
10/07/18,touchthisoffer.racing
10/07/18,tranquiloffer.racing
10/07/18,toutoffer.stream
10/07/18,torqstuff.racing
10/07/18,topofthepopluck.bid
10/07/18,offerundercontrol.bid
10/07/18,offertrascend.bid
10/07/18,lucktycoon.bid
10/07/18,lucktrustee.stream
10/07/18,toodleoffer.racing
10/07/18,titillatingoffer.racing
10/07/18,titilateoffer.racing
10/07/18,tiptopluck.bid
10/07/18,tinglewiththisoffe.racing
10/07/18,tidilyluck.bid
10/07/18,ticklerwiththisoffer.racing
10/07/18,thumbsupforyourluck.bid
10/07/18,thrilloffer.racing
10/07/18,thoroughoffer.bid
10/07/18,thinkaheadtobelucky.bid
10/07/18,thinneroffer.bid
10/07/18,thankthisoffer.bid
10/07/18,tenderluckandcare.bid
10/07/18,tenderlylucky.stream
10/07/18,terrificluck.bid
10/07/18,tenacityoffer.racing
10/07/18,tenableoffer.stream
10/07/18,tenaciousluck.bid
10/07/18,temuloffer.bid
09/07/18,teachyourluck.bid
09/07/18,teemingluck.bid
09/07/18,tastelikelucky.bid
09/07/18,tastefuloffer.racing
09/07/18,skummstuff.loan
09/07/18,tantalizeluck.bid
09/07/18,skummyourluck.cricket
09/07/18,skummthestuff.racing
09/07/18,skummtechstuff.webcam
09/07/18,neideryourluck.cricket
09/07/18,skummoffer.accountant
09/07/18,skummlucky.bid
09/07/18,offertoletgoforyou.bid
09/07/18,skummhappiness.stream
09/07/18,offertobeseen.bid
09/07/18,offertestament.bid
09/07/18,offerholder.stream
09/07/18,luckytothemax.bid
09/07/18,luckytobeknown.bid
09/07/18,lucktoll.accountant
09/07/18,lucktolerance.stream
09/07/18,luckthrift.bid
09/07/18,lucktetimonial.bid
09/07/18,lucktestator.bid
08/07/18,lucksaver.accountant
08/07/18,luckmatters.bid
08/07/18,luckbarenecessities.bid
08/07/18,skummblessing.faith
08/07/18,neiderthestuff.racing
08/07/18,neidertechstuff.webcam
08/07/18,neidertheluck.men
08/07/18,neideroffer.accountant
08/07/18,neiderstuff.loan
08/07/18,neiderlucky.bid
08/07/18,neiderhappiness.stream
08/07/18,neiderblessing.faith
08/07/18,hiatusthestuff.racing
08/07/18,goongstuff.loan
08/07/18,hiatustechstuff.webcam
08/07/18,hiatustheluck.men
08/07/18,hiatusstuff.loan
08/07/18,hiatusoffer.accountant
08/07/18,hiatushappiness.stream
08/07/18,hiatusblessing.faith
08/07/18,greniessthestuff.racing
08/07/18,greniesstheluck.men
08/07/18,greniessstuff.loan
08/07/18,greniesstechstuff.webcam
08/07/18,goongyourluck.cricket
08/07/18,goongthestuff.racing
08/07/18,goongtechstuff.webcam
07/07/18,goonglucky.bid
07/07/18,goonghappiness.stream
07/07/18,goongblessing.faith
07/07/18,chubbsthestuff.racing
07/07/18,chubbstheluck.men
07/07/18,chubbsoffer.accountant
07/07/18,chubbsstuff.loan
07/07/18,chubbslucky.bid
07/07/18,chubbshappiness.stream
07/07/18,chubbsblessing.faith
07/07/18,sonaarstuff.faith
07/07/18,snuglyoffer.racing
07/07/18,torqoffer.webcam
07/07/18,torqhappy.loan
07/07/18,torqhappiness.faith
07/07/18,smilingoffer.racing
07/07/18,sonaartechthings.loan
07/07/18,sonaarluck.cricket
07/07/18,sociableluck.bid
07/07/18,smoothoffer.racing
06/07/18,smoothestluck.stream
06/07/18,smileforthisoffer.racing
06/07/18,slamminyourluck.bid
06/07/18,skulfuloffer.racing
06/07/18,skipperoffer.racing
06/07/18,likablethings.bid
06/07/18,sizzlingoffer.racing
06/07/18,sizableoffer.racing
06/07/18,sinnligtechthings.faith
06/07/18,sinnligoffer.cricket
06/07/18,singularoffer.racing
06/07/18,sinnliglucky.bid
06/07/18,sinnligblessing.accountant
06/07/18,simplifiedoffer.racing
06/07/18,sinewoffer.racing
06/07/18,silverofluck.bid
06/07/18,simplestoffer.racing
06/07/18,significantlylucky.bid
06/07/18,silentoffer.racing
06/07/18,sightofluck.bid
06/07/18,showyoffer.racing
06/07/18,showyourluckmore.bid
06/07/18,shinelikealuckyman.bid
06/07/18,shinyoffer.racing
06/07/18,sharpestoffer.racing
06/07/18,shareyourlucknow.bid
06/07/18,shapeofluck.bid
06/07/18,shapelyoffer.racing
06/07/18,settledoffer.racing
05/07/18,settheplaceforluck.bid
05/07/18,serveyourluck.racing
05/07/18,serendipitousluck.bid
05/07/18,sequaciousluck.bid
05/07/18,sentineloffer.racing
05/07/18,sensitiveluck.bid
05/07/18,lucksincerity.bid
05/07/18,sensibleluck.bid
05/07/18,lucksexiness.racing
05/07/18,luckserenity.bid
05/07/18,seekforluck.bid
05/07/18,luckservice.bid
05/07/18,luckofserendipity.bid
05/07/18,selfluckiness.bid
05/07/18,selffulfullingluck.bid
05/07/18,miththsstuff.bid
05/07/18,seemsluckyfortoday.bid
05/07/18,sedulousoffer.racing
05/07/18,scretoffer.racing
05/07/18,sculpofluck.bid
05/07/18,scrumptiousoffer.racing
05/07/18,scopeofyourluck.bid
05/07/18,scaleofluck.bid
05/07/18,savtifiedoffer.racing
05/07/18,sapidoffer.racing
05/07/18,savorthisoffer.racing
05/07/18,saveyourluck.bid
05/07/18,savantoffer.racing
05/07/18,saucyoffer.racing
05/07/18,satisfyingoffer.racing
05/07/18,satifiesyourluck.bid
05/07/18,sassyoffer.racing
05/07/18,sapientoffer.racing
05/07/18,sanguineoffer.racing
04/07/18,saneluckiness.racing
04/07/18,salutetoyourluck.bid
04/07/18,salvationluck.bid
04/07/18,salubrityoffer.racing
04/07/18,salubriousoffer.racing
04/07/18,salientluck.racing
04/07/18,saintlyoffer.racing
04/07/18,offersatisfaction.accountant
04/07/18,mitthehappiness.webcam
04/07/18,luckseeker.bid
04/07/18,luckscripter.bid
04/07/18,luckyyouforthis.faith
04/07/18,miththeoffer.stream
04/07/18,miththeluck.men
04/07/18,mastelucky.racing
04/07/18,hylandtechthings.loan
04/07/18,mastehappiness.webcam
04/07/18,hylandstuff.faith
04/07/18,donqtechthings.stream
04/07/18,hylandlucky.bid
04/07/18,hylandhappiness.stream
04/07/18,hylandblessing.accountant
04/07/18,gnashtechthings.stream
04/07/18,gnashoffer.racing
04/07/18,donqlucky.faith
04/07/18,donqhappiness.accountant
04/07/18,gnashlucky.loan
04/07/18,gnashhappiness.faith
04/07/18,gnashblessing.webcam
03/07/18,fattreltechthigs.accountant
03/07/18,fattrelluck.stream
03/07/18,fattrelhappiness.racing
03/07/18,fattrelblessing.bid
03/07/18,dramtechthings.webcam
03/07/18,dramlucky.bid
03/07/18,dramblessing.faith
03/07/18,donqluck.loan
03/07/18,donqblessing.racing
03/07/18,tobalstuff.accountant
03/07/18,torqblessing.men
03/07/18,tobalhappiness.stream
03/07/18,tobalblessing.cricket
03/07/18,thirtacoffer.men
03/07/18,tectalstuff.cricket
03/07/18,tectaloffer.bid
03/07/18,tectakblessing.accountant
03/07/18,siqstuff.racing
03/07/18,siqblessing.men
03/07/18,locesoffer.bid
03/07/18,renownedoffer.racing
03/07/18,renovateyourluck.bid
03/07/18,renewyourluck.bid
03/07/18,remunerateoffer.racing
03/07/18,remissiveluck.racing
03/07/18,remarkableoffer.racing
03/07/18,relishyourluck.bid
03/07/18,relieveyourluckiness.bid
02/07/18,reliableluck.bid
02/07/18,relentoffer.racing
02/07/18,releaseyourluck.bid
02/07/18,pukstechso.men
02/07/18,puksthings.stream
02/07/18,puksstuff.racing
02/07/18,refinedoffer.bid
02/07/18,pukshappiness.faith
02/07/18,puksblessing.webcam
02/07/18,marablessing.cricket
02/07/18,loceshappiness.stream
02/07/18,eonoffer.racing
02/07/18,eonblessing.webcam
02/07/18,acaclablessing.cricket
02/07/18,acaclaoffer.bid
02/07/18,acaclahappiness.stream
02/07/18,rejuvenatingoffer.racing
02/07/18,regardyourluck.racing
02/07/18,refreshyourluck.racing
02/07/18,recordsettingofluck.bid
02/07/18,recommendwithluck.bid
02/07/18,recogonizeyourluck.bid
02/07/18,reciprocateyourluck.bid
02/07/18,receiveyourluck.bid
02/07/18,offerremedy.bid
02/07/18,rebornforyourluck.bid
02/07/18,reapofluck.bid
01/07/18,offerrecovery.bid
01/07/18,offerreciprocal.bid
01/07/18,offerreality.bid
01/07/18,luckreliever.accountant
01/07/18,luckrelief.racing
01/07/18,luckreform.racing
01/07/18,peppyluck.bid
01/07/18,steeritoffer.bid
01/07/18,sirbstuff.accountant
01/07/18,sirboffer.bid
01/07/18,reganitstuff.accountant
01/07/18,sirbblessing.cricket
01/07/18,psstyourlucky.racing
01/07/18,protoluck.racing
01/07/18,prosperofluck.bid
01/07/18,proteanoffer.racing
01/07/18,prosandluck.racing
01/07/18,prettilyoffer.racing
01/07/18,propheticoffer.racing
01/07/18,properluck.bid
01/07/18,proactiveluck.racing
01/07/18,prominentlylucky.bid
01/07/18,produceyourluck.racing
01/07/18,proconsuloffer.racing
01/07/18,probableofferforyou.bid
01/07/18,prideofluck.bid
01/07/18,pricelessoffer.racing
01/07/18,prestooffer.racing
01/07/18,prestigeoffer.racing
01/07/18,presenceofluck.racing
30/06/18,preminentoffer.racing
30/06/18,premieroffer.racing
30/06/18,preciousoffer.racing
30/06/18,prefertobeluck.racing
30/06/18,preferredoffer.racing
30/06/18,pragmaticoffer.racing
30/06/18,praiseyourluck.racing
30/06/18,pieceofoffer.racing
30/06/18,pertlyluck.racing
30/06/18,gogogetthisnow.accountant
30/06/18,perseverantoffer.racing
30/06/18,personalgrowthofluck.bid
30/06/18,luckyproductively.bid
30/06/18,permissiveoffer.racing
30/06/18,perkyoffer.racing
30/06/18,penetratingoffer.racing
30/06/18,peertoluck.bid
30/06/18,pearloftheluck.bid
30/06/18,peaceofluck.racing
30/06/18,patriotoffer.bid
29/06/18,patientlywaitingforyourluck.bid
29/06/18,offerprocreator.racing
29/06/18,luckypronia.racing
29/06/18,luckprotege.racing
29/06/18,luckprodigy.racing
29/06/18,luckpromotion.bid
29/06/18,luckprevileged.racing
29/06/18,luckofprudence.racing
29/06/18,passiveoffer.bid
29/06/18,luckperoffer.bid
29/06/18,partisanoffer.racing
29/06/18,particularoffer.bid
29/06/18,panoramicoffer.bid
29/06/18,palatialoffer.racing
29/06/18,palatableoffer.racing
29/06/18,offerparticipant.bid
29/06/18,offerpacific.racing
29/06/18,offerparnassian.bid
28/06/18,luckparagon.bid
28/06/18,luckparticipant.bid
28/06/18,luckpacifist.stream
28/06/18,luckkeeper.bid
28/06/18,luckparadigm.bid
28/06/18,diroffer.webcam
28/06/18,reganithappiness.stream
28/06/18,reganitblessing.cricket
28/06/18,steerithappiness.stream
28/06/18,neeringhappiness.stream
28/06/18,klutchhappines.loan
28/06/18,dirstuff.men
28/06/18,dirhappy.loan
28/06/18,difinoffer.webcam
27/06/18,desitoffer.webcam
27/06/18,debstuff.men
27/06/18,debblessing.racing
27/06/18,debhappiness.faith
27/06/18,vayplucky.accountant
27/06/18,vaypblessing.bid
27/06/18,vaypluck.stream
27/06/18,topoffer.racing
27/06/18,valuedluck.racing
27/06/18,timelessoffer.racing
27/06/18,thisisforyouyourmajesty.bid
27/06/18,thoughtfuloffer.racing
27/06/18,thespectacleoftheoffer.webcam
27/06/18,thedaycomestheluck.loan
27/06/18,thanksgivingoffer.racing
27/06/18,thankmeforthisoffer.racing
27/06/18,teachingluck.racing
27/06/18,teachyoualuck.racing
26/06/18,sympatheticoffer.racing
26/06/18,luxuriousofferforyou.bid
26/06/18,swellforanoffer.racing
26/06/18,sweetoffer.racing
26/06/18,sureoffer.racing
26/06/18,suppleoffer.racing
26/06/18,offermaestro.bid
26/06/18,superoffer.racing
26/06/18,superduperoffer.racing
26/06/18,sumptousofluck.racing
26/06/18,sufficientofluck.bid
26/06/18,offermediate.racing
26/06/18,offermatriach.racing
26/06/18,offermalleable.racing
26/06/18,offermagnificient.racing
26/06/18,offerloveliness.bid
26/06/18,offerfullfilled.racing
26/06/18,menchforanoffer.racing
26/06/18,meekforanoffer.racing
26/06/18,mellowoffer.racing
26/06/18,meaningfuloffer.racing
26/06/18,maximalluck.racing
26/06/18,matterofluck.racing
26/06/18,majormajoroffer.bid
26/06/18,masterofluck.racing
25/06/18,marvellousdayforyou.bid
25/06/18,markedyourdaylucky.bid
25/06/18,mangeyourluck.racing
25/06/18,manifestyourluck.racing
25/06/18,manaofoffer.racing
25/06/18,makinganimpressiontoyourluck.bid
25/06/18,makethepennythelucky.bid
25/06/18,makeadiffrencewithyourluck.bid
25/06/18,mainluck.racing
25/06/18,maidenoffer.racing
25/06/18,magneticluck.racing
25/06/18,magicalluck.bid
25/06/18,luminousluck.racing
25/06/18,lushforthisoffer.bid
25/06/18,luckmatch.racing
25/06/18,luckmaker.racing
25/06/18,luckmajority.racing
25/06/18,luckmagnifies.racing
25/06/18,longevityluck.racing
24/06/18,longstandingoffer.bid
24/06/18,stilostuff.webcam
24/06/18,succeedforaluck.bid
24/06/18,stilolucky.men
24/06/18,stiloluck.faith
24/06/18,stilohappiness.loan
24/06/18,rilyluck.faith
24/06/18,stiloblessing.racing
24/06/18,rilystuff.webcam
24/06/18,rilylucky.men
24/06/18,rilyblessing.racing
24/06/18,rilyhappiness.loan
24/06/18,pretioluck.stream
23/06/18,pretioblessing.bid
23/06/18,pretiostuff.cricket
23/06/18,pretiolucky.accountant
23/06/18,offerinitiator.racing
23/06/18,luckintegrated.racing
23/06/18,luckintent.racing
23/06/18,luckintellect.racing
22/06/18,luckinnovator.racing
22/06/18,luckinsight.racing
22/06/18,intenseoffer.accountant
22/06/18,integraloffer.bid
22/06/18,inspiringyourluck.racing
22/06/18,inspectthisoffer.racing
22/06/18,innoxiousoffer.racing
21/06/18,influencebyyourluck.bid
21/06/18,inexpensiveluck.racing
21/06/18,inerrantoffer.stream
21/06/18,premofblessing.bid
21/06/18,premofstuff.cricket
21/06/18,premofluck.stream
21/06/18,premlucky.accountant
21/06/18,oreonstuff.racing
21/06/18,oreonlucky.men
21/06/18,oreonluck.faith
21/06/18,oreonhappiness.loan
21/06/18,oreonblessing.webcam
21/06/18,hovitstuff.webcam
21/06/18,hovitluck.faith
21/06/18,hovitlucky.men
21/06/18,galbistuff.cricket
21/06/18,galbilucky.accountant
20/06/18,galbiblessing.bid
20/06/18,ekinlucky.accountant
20/06/18,ekinblessing.bid
20/06/18,dopitstuff.cricket
20/06/18,ekinluck.stream
20/06/18,dopitblessing.bid
20/06/18,dopitluck.stream
20/06/18,bentoiluck.stream
20/06/18,heartwarmingoffer.bid
20/06/18,straightforwardforanoffer.bid
20/06/18,realprettyoffer.racing
20/06/18,poweredluck.stream
20/06/18,openinganoffer.racing
20/06/18,offermark.racing
20/06/18,offerhitter.racing
20/06/18,offerhappeningnow.bid
20/06/18,offergenerator.racing
20/06/18,offerbuckets.stream
20/06/18,luckyheartily.racing
20/06/18,luckholiness.racing
19/06/18,luckhelpmate.racing
19/06/18,luckharness.racing
19/06/18,luckhandler.racing
19/06/18,luckdistinguished.racing
19/06/18,idealoffer.racing
19/06/18,hypersoniceoffer.racing
19/06/18,hugeoffer.accountant
19/06/18,hortativeoffer.racing
19/06/18,hoorayforthisoffer.racing
19/06/18,honorableluck.racing
19/06/18,highlyregardedoffer.racing
19/06/18,highlightedoffer.racing
19/06/18,higherluck.racing
18/06/18,highclassoffer.racing
18/06/18,highcalibreoffer.racing
18/06/18,heylucky.accountant
18/06/18,helpingyoutobelucky.bid
18/06/18,heartfeltoffer.racing
18/06/18,hearttoheartoffer.racing
18/06/18,headwaytoanoffer.racing
18/06/18,headhonchooffer.bid
18/06/18,harrumphoffer.racing
18/06/18,harmonizableoffer.racing
18/06/18,harmonicluck.racing
18/06/18,hardysluck.racing
17/06/18,handilyoffer.bid
17/06/18,happierwithaluck.racing
17/06/18,happywordsforaluck.bid
17/06/18,handsdownforthisoffer.bid
17/06/18,behumblefourluck.racing
17/06/18,luckfragrance.racing
16/06/18,steadyforanoffer.racing
16/06/18,splendidluck.racing
16/06/18,spectacularoffer.stream
16/06/18,sociableluck.racing
16/06/18,smilecauseyourlucky.bid
16/06/18,offerofattention.bid
16/06/18,offerforward.racing
16/06/18,offergalore.stream
16/06/18,offerforemost.racing
16/06/18,offerdefiant.bid
16/06/18,luckgifted.racing
16/06/18,luckfullness.racing
16/06/18,luckgenial.racing
16/06/18,luckfreed.racing
15/06/18,luckfiner.racing
15/06/18,luckfortunate.racing
15/06/18,frolicluck.racing
15/06/18,goaheadwithyourluck.bid
15/06/18,glittersofluck.racing
15/06/18,fourstaroffer.accountant
15/06/18,glimmeringluck.bid
15/06/18,glamorousoffer.racing
15/06/18,gladlyanoffer.racing
15/06/18,gigglingoffer.bid
14/06/18,getupandglowyourluck.bid
14/06/18,getthisoffertogether.bid
14/06/18,gettableoffer.racing
14/06/18,getatableluck.racing
14/06/18,genuineluck.racing
14/06/18,gentlyoffer.racing
14/06/18,geekyoffer.racing
14/06/18,galvanizedoffer.racing
14/06/18,gallantoffer.racing
14/06/18,gainyourluck.bid
14/06/18,futuristicluck.stream
13/06/18,fullfillingluck.bid
13/06/18,fundamentaloffer.bid
13/06/18,frugalluck.racing
13/06/18,fullfilledoffer.racing
13/06/18,enoughforthisoffer.racing
13/06/18,fruitfulloffer.racing
13/06/18,freshfromtheoffer.racing
13/06/18,freelyoffer.racing
13/06/18,foxyoffe.racing
13/06/18,founderofluck.racing
13/06/18,foundationofluck.racing
13/06/18,formidableoffer.racing
12/06/18,firskyoffer.racing
12/06/18,finestofferever.racing
12/06/18,finelookingoffer.racing
12/06/18,offerdefender.bid
12/06/18,begenerousofyourluck.bid
12/06/18,offerclarity.racing
12/06/18,offerchivalry.racing
12/06/18,offercharisma.accountant
12/06/18,offerchaperon.racing
12/06/18,offerchances.racing
12/06/18,offercatalyst.racing
12/06/18,offercandor.racing
11/06/18,offercampaigner.bid
11/06/18,luckcapability.bid
11/06/18,offerback.racing
11/06/18,eyecatchingoffer.bid
11/06/18,fantasticoffer.racing
11/06/18,fascinatedoffer.racing
11/06/18,famousofferofall.bid
11/06/18,familliarwiththisoffer.racing
11/06/18,faironluck.bid
11/06/18,facileoffer.racing
11/06/18,faboffer.racing
11/06/18,exuberantoffer.racing
11/06/18,extravagantoffer.racing
11/06/18,extensiveoffer.racing
11/06/18,extendyourluck.racing
11/06/18,exquisiteoffer.racing
11/06/18,longshadowofoffers.webcam
11/06/18,ensuringoffer.racing
11/06/18,enrichingoffer.racing
11/06/18,enraptureluck.stream
10/06/18,easeofhavingluck.bid
10/06/18,describeyourluck.bid
10/06/18,delightthisoffer.racing
10/06/18,deluxeoffer.bid
10/06/18,authorityuck.racing
09/06/18,delegateoffer.racing
09/06/18,definiteluck.racing
09/06/18,defineyourluck.bid
09/06/18,deeponyourluck.bid
09/06/18,deedofluck.bid
09/06/18,dedicatedluck.stream
08/06/18,decorateonyourluck.racing
08/06/18,decisiveoffer.racing
08/06/18,declareyourluck.bid
08/06/18,newoffertogo.faith
08/06/18,dazzleoffer.stream
08/06/18,dancewithyourluck.bid
07/06/18,carefreeluck.racing
07/06/18,coequaloffer.racing
07/06/18,classoffer.racing
07/06/18,clearlyanoffer.racing
07/06/18,chasteofluck.accountant
06/06/18,centeredoffer.racing
06/06/18,certainlyanoffer.accountant
06/06/18,centraloffer.accountant
06/06/18,casualluck.stream
05/06/18,offerfornow.stream
05/06/18,offerlooksfamilliar.stream
05/06/18,offerforalimitedtime.bid
05/06/18,necessaryoffer.bid
05/06/18,offerendssoonsograbit.bid
05/06/18,offeerwithnoobligation.stream
04/06/18,luckimprovement.bid
04/06/18,learnhowtobealuckman.bid
04/06/18,jointhisoffernow.bid
04/06/18,mobile4lyfe.com
04/06/18,hurryforthisoffer.bid
03/06/18,giveusashotwithyourluck.bid
03/06/18,guareanteedoffer.racing
03/06/18,firstluckonthelist.stream
03/06/18,finallyanoffer.stream
02/06/18,everofferyoucouldthink.bid
02/06/18,easyofferforyou.bid
01/06/18,dontwanttomissyourluck.bid
01/06/18,becomeluckyforthisoffer.stream
01/06/18,discovernewoffer.bid
01/06/18,bargainoffer.racing
01/06/18,actnowbeforeofferrunsout.bid
01/06/18,affordyourluck.stream
31/05/18,offertestament.racing
31/05/18,offerteacher.racing
31/05/18,offertestemonial.racing
31/05/18,luxuriousluck.bid
31/05/18,offergalore.bid
31/05/18,lucktraining.stream
31/05/18,magnificientoffer.bid
30/05/18,lucktranquil.racing
30/05/18,longshadowofluck.loan
30/05/18,luckthrill.racing
30/05/18,luckthrive.racing
30/05/18,lucktestimony.racing
30/05/18,luckthorough.racing
30/05/18,lucktherapy.racing
30/05/18,lucksuperior.racing
30/05/18,lucksplendour.bid
30/05/18,littlespellofyouluck.racing
30/05/18,itfoamslikeyouwantedit.loan
29/05/18,itfoamsliketheoffer.webcam
29/05/18,passionatelyyourluck.loan
29/05/18,highlyrecommended.bid
29/05/18,idealthingsforyou.bid
29/05/18,interestedtogetthis.bid
29/05/18,initiatetogetthis.bid
29/05/18,bethankfulforthisoffer.racing
28/05/18,harmonizewiththisoffer.bid
28/05/18,ideaingettingthis.bid
28/05/18,fulfillyourday.bid
27/05/18,genuineoffer.bid
27/05/18,gentleluck.bid
27/05/18,afewofferaway.racing
26/05/18,iheardnewoffernow.cricket
26/05/18,afeelingthatluckis.loan
26/05/18,ifeltsomethingnewhere.accountant
26/05/18,ialmosthavemyluck.racing
26/05/18,inowsawmyluck.accountant
25/05/18,sweetofferomine.accountant
25/05/18,comecomeoffer.loan
24/05/18,islandwin.faith
24/05/18,trwin.date